{
  "lighting": "none",
  "matrix": {
    "rows": 6,
    "cols": 8
  },
  "layouts": {
    "keymap": [
      [
        {
          "rx": 1,
          "y": 0.5
        },
        "1,0"
      ],
      [
        {
          "y": -0.5,
          "x": -1
        },
        "0,0"
      ],
      [
        {
          "y": -0.5
        },
        "1,1"
      ],
      [
        {
          "y": -0.5,
          "x": -1
        },
        "0,1"
      ],
      [
        {
          "y": -0.5
        },
        "1,2"
      ],
      [
        {
          "rx": 7,
          "ry": 0.965,
          "y": -0.21499999999999997,
          "x": 5
        },
        "3,4"
      ],
      [
        {
          "y": -0.5,
          "x": 6
        },
        "4,4"
      ],
      [
        {
          "y": -0.5,
          "x": 5
        },
        "3,5"
      ],
      [
        {
          "y": -0.5,
          "x": 6
        },
        "4,5"
      ],
      [
        {
          "y": -0.5,
          "x": 5
        },
        "3,6"
      ],
      [
        {
          "r": 10,
          "rx": 1,
          "ry": 0,
          "y": 0.25,
          "x": 1.75
        },
        "2,0",
        "3,0",
        "4,0",
        "5,0"
      ],
      [
        {
          "x": 1.75
        },
        "2,1",
        "3,1",
        "4,1",
        "5,1"
      ],
      [
        {
          "x": 1.75
        },
        "2,2",
        "3,2",
        "4,2",
        "5,2"
      ],
      [
        {
          "y": 0.25,
          "x": 2
        },
        "0,3"
      ],
      [
        {
          "y": -0.75,
          "x": 3
        },
        "1,3",
        "2,3",
        "3,3"
      ],
      [
        {
          "y": -0.75
        },
        "0,2"
      ],
      [
        {
          "r": -15,
          "rx": 7,
          "ry": 0.965,
          "y": 4.535,
          "x": 4.25
        },
        "4,6"
      ],
      [
        {
          "r": -11,
          "y": -5.5
        },
        "0,7"
      ],
      [
        {
          "y": 2.5,
          "x": -0.25
        },
        "5,3"
      ],
      [
        {
          "r": -10,
          "y": -4.5,
          "x": 2
        },
        "1,4"
      ],
      [
        {
          "y": -0.8850000000000002,
          "x": 1
        },
        "0,4",
        {
          "x": 1.25
        },
        "2,4"
      ],
      [
        {
          "y": -0.11499999999999977
        },
        "1,7",
        {
          "x": 1
        },
        "1,5"
      ],
      [
        {
          "y": -0.8850000000000002,
          "x": 1
        },
        "0,5",
        {
          "x": 1.25
        },
        "2,5"
      ],
      [
        {
          "y": -0.11499999999999977
        },
        "2,7",
        {
          "x": 1
        },
        "1,6"
      ],
      [
        {
          "y": -0.8850000000000002,
          "x": 1
        },
        "0.6",
        {
          "x": 1.25
        },
        "2,6"
      ],
      [
        {
          "y": 0.1349999999999998,
          "x": 3
        },
        "4,7"
      ],
      [
        {
          "y": -0.75,
          "x": 1
        },
        "4,3",
        "3,7"
      ]
    ]
  }
}