{
  "lighting": "none",
  "matrix": {
    "rows": 7,
    "cols": 6
  },
  "layouts": {
    "keymap": [
      [
        {
          "rx": 1,
          "y": 0.5
        },
        "0,1"
      ],
      [
        {
          "y": -0.5,
          "x": -1
        },
        "0,0"
      ],
      [
        {
          "y": -0.5
        },
        "1,1"
      ],
      [
        {
          "y": -0.5,
          "x": -1
        },
        "1,0"
      ],
      [
        {
          "y": -0.5
        },
        "2,1"
      ],
      [
        {
          "rx": 7,
          "ry": 0.965,
          "y": -0.21499999999999997,
          "x": 5
        },
        "4,1\n/"
      ],
      [
        {
          "y": -0.5,
          "x": 6
        },
        "4,2\n/"
      ],
      [
        {
          "y": -0.5,
          "x": 5
        },
        "5,1"
      ],
      [
        {
          "y": -0.5,
          "x": 6
        },
        "5,2"
      ],
      [
        {
          "y": -0.5,
          "x": 5
        },
        "6,1"
      ],
      [
        {
          "r": 10,
          "rx": 1,
          "ry": 0,
          "y": 0.25,
          "x": 1.75
        },
        "0,2",
        "0,3",
        "0,4"
      ],
      [
        {
          "x": 1.75
        },
        "1,2",
        "1,3",
        "1,4",
        "0,5"
      ],
      [
        {
          "x": 1.75
        },
        "2,2",
        "2,3",
        "2,4",
        "1,5"
      ],
      [
        {
          "y": 0.25,
          "x": 3
        },
        "3,0"
      ],
      [
        {
          "y": -0.75,
          "x": 4
        },
        "3,1",
        "2,5"
      ],
      [
        {
          "y": -0.75
        },
        "2,0"
      ],
      [
        {
          "y": -0.25,
          "x": 5
        },
        "3,2"
      ],
      [
        {
          "r": -15,
          "rx": 7,
          "ry": 0.965,
          "y": 4.535,
          "x": 4.25
        },
        "6,2"
      ],
      [
        {
          "r": -11,
          "y": -1,
          "x": -0.5
        },
        "6,3"
      ],
      [
        {
          "r": -10,
          "y": -5.5,
          "x": 2
        },
        "3,5"
      ],
      [
        {
          "y": -0.8850000000000002,
          "x": 1
        },
        "3,4",
        {
          "x": 1.25
        },
        "4,0"
      ],
      [
        {
          "y": -0.11499999999999977
        },
        "3,3",
        {
          "x": 1
        },
        "4,5"
      ],
      [
        {
          "y": -0.8850000000000002,
          "x": 1
        },
        "4,4",
        {
          "x": 1.25
        },
        "5,0"
      ],
      [
        {
          "y": -0.11499999999999977
        },
        "4,3",
        {
          "x": 1
        },
        "5,5"
      ],
      [
        {
          "y": -0.8850000000000002,
          "x": 1
        },
        "5,4",
        {
          "x": 1.25
        },
        "6,0"
      ],
      [
        {
          "y": 0.1349999999999998,
          "x": 1.75
        },
        "6,5"
      ],
      [
        {
          "y": -0.75,
          "x": -0.25
        },
        "5,3",
        "6,4"
      ]
    ]
  }
}